,Date,negative_vader,neutral_vader,positive_vader,negative,neutral,positive,title_vader_sentiment,headline_vader_sentiment,finbert_numeric,average_title_vader_10periods,average_headline_vader_10periods,average_finbert_10periods
0,2012-07-01,1,0,0,0,1,0,0.0,-0.3612,0.0,,,
1,2012-07-08,3,0,0,3,0,0,-0.73285,-0.686475,-1.0,,,
2,2012-07-15,0,1,0,0,1,0,-0.5719,0.0,0.0,,,
3,2012-07-22,2,1,1,0,4,0,0.2879,-0.098,0.0,,,
4,2012-07-29,3,2,0,2,3,0,-0.04206249999999999,-0.22688750000000002,-0.375,,,
5,2012-08-05,1,0,1,1,0,1,-0.24695,0.044399999999999995,0.0,,,
6,2012-08-12,0,1,0,0,1,0,0.34,0.0,0.0,,,
7,2012-08-19,1,0,2,0,2,1,-0.17343333333333333,0.09620000000000001,0.3333333333333333,,,
8,2012-08-26,3,0,0,2,0,1,-0.6781,-0.7026,-0.3333333333333333,,,
9,2012-09-02,0,0,1,0,0,1,0.0516,0.4019,1.0,-0.17657958333333332,-0.15326625,-0.0375
10,2012-09-09,2,0,4,1,4,1,0.0625,0.1375375,0.0,-0.1703295833333333,-0.1033925,-0.0375
11,2012-09-16,1,0,3,4,0,0,-0.06351666666666667,0.31588333333333335,-1.0,-0.10339625,-0.0031566666666666744,-0.0375
12,2012-09-23,1,0,1,0,1,1,-0.05135,0.1537,0.5,-0.051341250000000005,0.012213333333333326,0.0125
13,2012-10-07,1,2,0,0,3,0,-0.085,-0.0129,0.0,-0.08863125000000001,0.020723333333333326,0.0125
14,2012-10-14,3,2,0,3,2,0,0.0051166666666666765,-0.42665,-0.5,-0.08391333333333334,0.0007470833333333316,0.0
15,2012-10-21,0,0,1,0,1,0,0.0,0.0258,0.0,-0.05921833333333333,-0.0011129166666666679,0.0
16,2012-10-28,0,0,3,1,1,1,0.3231,0.6376333333333334,0.0,-0.06090833333333334,0.06265041666666668,0.0
17,2012-11-04,1,0,6,3,3,1,0.20929166666666665,0.451125,-0.4583333333333333,-0.022635833333333338,0.09814291666666668,-0.07916666666666666
18,2012-11-11,1,2,5,4,1,3,0.09961250000000002,0.3693875,-0.1875,0.05513541666666667,0.20534166666666667,-0.06458333333333333
19,2012-11-18,3,1,5,2,7,0,-0.019793333333333333,0.035926666666666676,-0.13333333333333333,0.047996083333333335,0.16874433333333333,-0.17791666666666667
20,2012-11-25,5,1,7,3,8,2,-0.01294642857142858,-0.05056785714285715,-0.20238095238095238,0.04045144047619047,0.14993379761904763,-0.19815476190476192
21,2012-12-02,3,0,4,2,3,2,0.18920625,0.06771875,0.1875,0.06572373214285714,0.12511733928571428,-0.0794047619047619
22,2012-12-09,2,1,3,3,3,0,-0.006461111111111112,-0.06416666666666666,-0.38888888888888884,0.07021262103174603,0.10333067261904763,-0.16829365079365077
23,2012-12-16,1,1,2,1,3,0,0.07543333333333334,-0.05739999999999997,-0.3333333333333333,0.08625595436507937,0.09888067261904762,-0.20162698412698413
24,2012-12-23,2,3,4,3,6,0,0.011146666666666668,0.14439000000000002,-0.4,0.08685895436507936,0.15598467261904764,-0.19162698412698412
25,2012-12-30,0,0,1,0,1,0,0.0,0.7184,0.0,0.08685895436507936,0.22524467261904765,-0.19162698412698412
26,2013-01-06,1,1,2,1,3,0,-0.07992499999999998,-0.08295,-0.25,0.04655645436507937,0.1531863392857143,-0.2166269841269841
27,2013-01-13,2,0,4,2,3,1,-0.0512375,0.1259125,-0.25,0.0205035376984127,0.12066508928571432,-0.1957936507936508
28,2013-01-20,2,1,1,2,2,0,-0.18076666666666666,-0.12983333333333333,-0.3333333333333333,-0.007534378968253966,0.07074300595238096,-0.2103769841269841
29,2013-01-27,1,0,3,2,2,0,-0.12763333333333335,0.11169999999999998,-0.5,-0.018318378968253966,0.0783203392857143,-0.2470436507936508
30,2013-02-03,3,2,4,2,6,1,-0.013606666666666664,0.06121000000000001,-0.26666666666666666,-0.018384402777777774,0.08949812500000001,-0.2534722222222222
31,2013-02-10,2,1,4,1,4,2,-0.1327,0.11105833333333336,0.0,-0.05057502777777778,0.09383208333333334,-0.2722222222222222
32,2013-02-17,1,1,4,1,3,2,0.0045375,0.2064375,0.25,-0.04947516666666667,0.12089250000000003,-0.20833333333333331
33,2013-02-24,1,0,5,3,3,0,0.1378125,0.5503625,-0.5,-0.04323724999999999,0.18166875,-0.225
34,2013-03-03,4,0,3,4,2,1,-0.23928000000000002,-0.37077333333333334,-0.4666666666666666,-0.06827991666666666,0.13015241666666666,-0.23166666666666663
35,2013-03-10,2,2,8,6,4,2,-0.008333333333333331,0.15941333333333332,-0.26666666666666666,-0.06911324999999999,0.07425375000000001,-0.2583333333333333
36,2013-03-17,2,1,3,3,2,1,0.114375,0.04958750000000001,-0.375,-0.04968325,0.0875075,-0.2708333333333333
37,2013-03-24,0,0,4,0,3,1,-0.0903,0.38107500000000005,0.25,-0.0535895,0.11302375000000002,-0.2208333333333333
38,2013-03-31,2,1,4,2,3,2,-0.030872222222222218,0.16795000000000002,0.0,-0.03860005555555556,0.14280208333333333,-0.1875
39,2013-04-07,0,0,7,0,4,3,0.23258333333333336,0.73175,0.4583333333333333,-0.0025783888888888883,0.20480708333333336,-0.09166666666666665
40,2013-04-14,2,1,2,3,1,1,-0.11802222222222221,0.1799777777777778,-0.2222222222222222,-0.013019944444444442,0.21668386111111113,-0.08722222222222223
41,2013-04-21,4,0,8,4,7,1,-0.086905,-0.016460000000000002,-0.21666666666666665,-0.008440444444444441,0.2039320277777778,-0.10888888888888888
42,2013-04-28,2,2,1,1,2,2,0.3162666666666667,0.027175000000000005,0.25,0.022732472222222227,0.1860057777777778,-0.10888888888888888
43,2013-05-05,2,2,4,2,5,1,-0.09741999999999999,0.06337,-0.2,-0.0007907777777777722,0.1373065277777778,-0.07888888888888888
44,2013-05-12,3,0,0,2,1,0,-0.16092499999999998,-0.632825,-0.75,0.007044722222222233,0.11110136111111113,-0.10722222222222222
45,2013-05-19,2,1,4,4,2,1,0.13971250000000002,0.1321,-0.5,0.021849305555555566,0.1083700277777778,-0.13055555555555556
46,2013-05-26,2,2,2,3,2,1,0.06595,0.11802499999999999,-0.125,0.017006805555555567,0.11521377777777779,-0.10555555555555556
47,2013-06-02,5,1,1,5,2,0,-0.05371666666666666,-0.36554166666666665,-0.75,0.020665138888888896,0.040552111111111115,-0.20555555555555555
48,2013-06-09,4,1,0,2,2,1,-0.1677666666666667,-0.5230833333333333,-0.16666666666666666,0.006975694444444453,-0.028551222222222217,-0.22222222222222224
49,2013-06-16,1,1,3,1,3,1,0.165875,0.27315,0.0,0.00030486111111111545,-0.07441122222222221,-0.26805555555555555
50,2013-06-23,2,1,7,3,3,4,0.012554166666666644,0.23777916666666665,-1.3877787807814457e-17,0.0133625,-0.06863108333333333,-0.24583333333333335
51,2013-06-30,2,1,5,3,1,4,0.010483333333333344,0.18473333333333333,-0.25,0.023101333333333335,-0.04851175,-0.24916666666666668
52,2013-07-07,3,3,2,2,3,3,0.07295,-0.04355833333333334,0.16666666666666666,-0.0012303333333333333,-0.05558508333333334,-0.2575
53,2013-07-14,1,1,3,1,1,3,0.2714,0.24374999999999997,0.5,0.035651666666666665,-0.03754708333333333,-0.18749999999999997
54,2013-07-21,0,3,4,2,2,3,0.05719,0.18223,0.3,0.057463166666666655,0.043958416666666666,-0.08249999999999999
55,2013-07-28,2,1,4,2,4,1,-0.12162666666666666,0.05489333333333334,0.19999999999999998,0.031329249999999996,0.03623775,-0.012500000000000002
56,2013-08-04,2,2,5,5,2,2,-0.08159583333333333,0.10209166666666666,-0.3333333333333333,0.01657466666666666,0.034644416666666664,-0.03333333333333334
57,2013-08-11,0,0,3,0,0,3,0.15676666666666667,0.5555,1.0,0.037623,0.12674858333333333,0.14166666666666666
58,2013-08-18,5,0,3,4,1,3,-0.13485,0.05084374999999999,0.1875,0.04091466666666667,0.18414129166666665,0.17708333333333334
59,2013-08-25,3,1,1,3,2,0,-0.007766666666666672,0.02794444444444444,-0.5555555555555555,0.023550499999999995,0.1596207361111111,0.12152777777777779
60,2013-09-01,4,0,1,2,1,2,0.1078375,-0.200075,0.0,0.033078833333333335,0.11583531944444445,0.12152777777777779
61,2013-09-08,5,0,3,5,3,0,0.011066666666666674,-0.197875,-0.6666666666666666,0.03313716666666667,0.0775744861111111,0.07986111111111113
62,2013-09-15,1,0,6,2,3,2,0.06744583333333333,0.48020833333333335,-0.125,0.03258675,0.12995115277777777,0.05069444444444445
63,2013-09-22,3,1,2,3,2,1,0.11219166666666666,-0.30678333333333335,-0.5,0.016665916666666662,0.07489781944444446,-0.04930555555555555
64,2013-09-29,2,1,4,2,4,1,0.14482499999999998,0.13035,0.0,0.02542941666666666,0.06970981944444445,-0.07930555555555555
65,2013-10-06,2,0,4,1,2,3,0.22545555555555555,0.23611666666666667,0.5,0.06013763888888888,0.08783215277777778,-0.04930555555555555
66,2013-10-13,4,0,2,1,4,1,0.1775,0.17433,0.0,0.0860472222222222,0.09505598611111112,-0.01597222222222221
67,2013-10-20,1,3,3,3,1,3,0.13428333333333334,0.11606666666666667,0.08333333333333333,0.08379888888888888,0.05111265277777778,-0.10763888888888888
68,2013-10-27,5,0,2,3,1,3,0.27198750000000005,-0.08428750000000002,0.0,0.12448263888888889,0.03759952777777778,-0.12638888888888888
69,2013-11-03,3,1,2,3,2,1,0.1369375,-0.029737499999999986,-0.5,0.13895305555555554,0.031831333333333336,-0.12083333333333332
70,2013-11-10,2,0,8,4,2,4,0.14565333333333336,0.29565,-0.06666666666666665,0.14273463888888888,0.08140383333333333,-0.1275
71,2013-11-17,2,0,5,2,2,3,0.15986666666666668,0.17068333333333333,0.1111111111111111,0.15761463888888888,0.11825966666666665,-0.04972222222222222
72,2013-11-24,3,2,4,4,3,2,0.012183333333333336,0.026958333333333338,-0.3333333333333333,0.1520883888888889,0.07293466666666668,-0.07055555555555555
73,2013-12-01,4,2,3,4,2,3,-0.129025,-0.10756666666666667,-0.041666666666666685,0.12796672222222222,0.09285633333333333,-0.024722222222222222
74,2013-12-08,5,0,4,3,1,5,0.02652999999999999,0.03466,0.3,0.11613722222222223,0.08328733333333334,0.005277777777777775
75,2013-12-15,2,2,0,1,1,2,-0.26471666666666666,-0.20736666666666667,0.16666666666666666,0.06712,0.038939,-0.028055555555555556
76,2013-12-22,4,1,4,3,2,4,-0.06754583333333333,0.03785416666666667,0.08333333333333333,0.04261541666666667,0.025291416666666667,-0.019722222222222224
77,2014-01-05,1,0,0,0,1,0,-0.6705,-0.296,0.0,-0.037862916666666656,-0.01591525,-0.028055555555555556
78,2014-01-12,0,0,1,0,0,1,0.25,0.743,1.0,-0.04006166666666666,0.0668135,0.07194444444444445
79,2014-01-19,2,0,6,4,1,3,-0.06367,0.17128000000000002,-0.1,-0.06012241666666666,0.08691525,0.11194444444444444
80,2014-01-26,3,1,3,4,1,2,-0.2770125,-0.07094999999999999,-0.375,-0.102389,0.05025525000000001,0.0811111111111111
81,2014-02-02,2,2,6,6,4,0,0.03839000000000001,0.014360000000000015,-0.6,-0.11453666666666666,0.03462291666666667,0.009999999999999998
82,2014-02-09,5,1,2,4,2,2,0.046625,-0.021520833333333322,-0.08333333333333331,-0.1110925,0.029775000000000006,0.035
83,2014-02-16,2,0,4,2,3,1,-0.16363333333333333,0.05458333333333332,-0.16666666666666666,-0.11455333333333333,0.04599000000000001,0.022500000000000006
84,2014-02-23,1,1,3,3,0,2,-0.07218749999999999,0.22399999999999998,-0.25,-0.12442508333333331,0.06492400000000001,-0.032499999999999994
85,2014-03-02,3,0,2,3,0,2,0.1529111111111111,-0.006388888888888888,-0.11111111111111109,-0.08266230555555555,0.08502177777777778,-0.06027777777777776
86,2014-03-09,2,1,3,5,0,1,-0.0820625,-0.077825,-0.75,-0.08411397222222222,0.0734538611111111,-0.14361111111111108
87,2014-03-16,3,1,3,2,3,2,-0.008579999999999999,0.13306,-0.1,-0.017921972222222218,0.1163598611111111,-0.1536111111111111
88,2014-03-23,1,0,3,2,1,1,-0.015316666666666664,-0.21,-0.5,-0.04445363888888888,0.021059861111111113,-0.3036111111111111
89,2014-03-30,1,2,9,4,3,5,0.15540833333333332,0.3692125,0.10416666666666667,-0.02254580555555555,0.04085311111111111,-0.2831944444444444
90,2014-04-06,0,1,4,3,0,2,0.0,0.406175,-0.25,0.005155444444444449,0.08856561111111112,-0.27069444444444446
91,2014-04-13,3,0,4,5,1,1,-0.14682500000000004,-0.035791666666666666,-0.75,-0.013366055555555556,0.08355044444444444,-0.2856944444444444
92,2014-04-20,2,1,5,4,2,2,-0.14721666666666666,0.28023333333333333,0.0,-0.03275022222222222,0.11372586111111112,-0.2773611111111111
93,2014-04-27,2,0,3,3,2,0,0.09135,0.18056250000000001,-0.5,-0.007251888888888889,0.12632377777777776,-0.31069444444444444
94,2014-05-04,2,1,7,3,3,4,-0.02960999999999998,0.159885,0.15,-0.002994138888888889,0.11991227777777777,-0.27069444444444446
95,2014-05-11,2,1,6,4,4,1,-0.020408333333333334,0.009516666666666666,-0.4583333333333333,-0.020326083333333335,0.12150283333333334,-0.30541666666666667
96,2014-05-18,3,1,5,4,0,5,0.24440416666666667,0.1075375,0.125,0.012320583333333333,0.14003908333333334,-0.21791666666666668
97,2014-05-25,2,0,7,1,3,5,-0.017666666666666664,0.18876874999999999,0.4583333333333333,0.011411916666666666,0.14560995833333334,-0.16208333333333333
98,2014-06-01,3,1,5,2,4,3,0.11484999999999998,0.12879000000000002,0.1,0.02442858333333333,0.17948895833333334,-0.10208333333333333
99,2014-06-08,1,0,5,1,3,2,0.12046666666666667,0.5350055555555555,0.3333333333333333,0.020934416666666667,0.1960682638888889,-0.07916666666666668
100,2014-06-15,1,1,4,4,0,2,-0.08691249999999999,0.1552875,0.0,0.012243166666666668,0.17097951388888888,-0.054166666666666675
101,2014-06-22,1,4,1,1,2,3,0.0595875,-0.067025,0.375,0.03288441666666667,0.16785618055555554,0.05833333333333333
102,2014-06-29,2,3,3,2,5,1,-0.09034166666666665,-0.10435833333333332,-0.25,0.03857191666666667,0.12939701388888886,0.033333333333333326
103,2014-07-06,0,2,6,1,2,5,0.019962500000000008,0.32805833333333334,0.29166666666666663,0.03143316666666667,0.14414659722222223,0.1125
104,2014-07-13,3,0,4,3,2,2,-0.0708125,0.08329999999999999,-0.25,0.02731291666666667,0.13648809722222222,0.07249999999999998
105,2014-07-20,3,1,4,4,2,2,0.017299999999999982,0.12480833333333333,-0.16666666666666666,0.03108375,0.14801726388888886,0.10166666666666664
106,2014-07-27,4,1,3,3,4,1,-0.006195833333333336,0.057408333333333325,-0.08333333333333333,0.0060237500000000005,0.14300434722222222,0.08083333333333333
107,2014-08-03,4,0,4,5,0,3,-0.1503625,-0.18985000000000002,-0.4166666666666667,-0.007245833333333335,0.10514247222222221,-0.006666666666666677
108,2014-08-10,3,0,5,5,1,2,-0.29447083333333335,-0.11420833333333334,-0.5,-0.04817791666666667,0.08084263888888889,-0.06666666666666668
109,2014-08-17,3,0,6,2,0,7,0.0412875,0.3594375,0.75,-0.05609583333333333,0.06328583333333333,-0.025
110,2014-08-24,0,0,8,3,3,2,0.019124999999999996,0.19831666666666667,0.0,-0.045492083333333336,0.06758875,-0.025000000000000005
111,2014-08-31,0,0,6,2,2,2,0.10686999999999999,0.44526000000000004,0.2,-0.04076383333333333,0.11881724999999999,-0.042499999999999996
112,2014-09-07,3,0,2,2,0,3,-0.06524999999999999,-0.061783333333333336,0.3333333333333333,-0.03825466666666667,0.12307474999999998,0.015833333333333328
113,2014-09-14,3,0,3,2,2,2,-0.08787500000000001,0.08052499999999999,-0.125,-0.04903841666666667,0.09832141666666666,-0.025833333333333337
114,2014-09-21,3,1,3,3,2,2,-0.18540555555555552,-0.12978333333333333,-0.16666666666666666,-0.06049772222222222,0.07701308333333332,-0.0175
115,2014-09-28,3,0,1,3,0,1,-0.04405,-0.15039999999999998,-0.6666666666666666,-0.06663272222222222,0.049492249999999995,-0.0675
116,2014-10-05,1,1,6,0,3,5,0.003906666666666669,0.35590666666666665,0.7000000000000001,-0.06562247222222221,0.07934208333333334,0.010833333333333351
117,2014-10-12,2,1,6,3,3,3,-0.1125375,0.22269583333333334,-0.08333333333333334,-0.06183997222222222,0.12059666666666666,0.044166666666666674
118,2014-10-19,4,0,1,4,1,0,-0.10805,-0.2862,-0.8333333333333334,-0.04319788888888888,0.1033975,0.010833333333333339
119,2014-10-26,2,1,3,3,2,1,-0.124025,0.21290833333333334,-0.5,-0.05972913888888888,0.08874458333333334,-0.11416666666666667
120,2014-11-02,0,2,2,1,2,1,0.08510000000000001,0.12001666666666666,0.16666666666666666,-0.053131638888888874,0.08091458333333333,-0.0975
121,2014-11-09,6,0,4,8,2,0,-0.06939166666666666,0.03031666666666668,-0.8333333333333333,-0.07075780555555554,0.039420250000000004,-0.20083333333333334
122,2014-11-16,2,1,5,5,2,1,-0.013296666666666656,0.05882333333333334,-0.7,-0.06556247222222221,0.05148091666666667,-0.3041666666666667
123,2014-11-23,2,0,6,2,2,4,-0.04566666666666666,0.18020833333333333,0.16666666666666666,-0.06134163888888887,0.06144925,-0.275
124,2014-11-30,3,2,2,2,3,2,-0.1743583333333333,-0.03595000000000001,-0.125,-0.06023691666666666,0.07083258333333334,-0.2708333333333333
125,2014-12-07,2,3,2,4,2,1,-0.0690625,-0.04165,-0.375,-0.06273816666666665,0.08170758333333333,-0.24166666666666664
126,2014-12-14,5,3,0,5,3,0,-0.081075,-0.3861833333333333,-0.625,-0.07123633333333332,0.007498583333333331,-0.37416666666666665
127,2014-12-21,1,2,7,3,4,3,0.05920416666666666,0.3165208333333333,0.04166666666666667,-0.054062166666666654,0.016881083333333328,-0.3616666666666667
128,2015-01-11,1,0,0,1,0,0,-0.5719,-0.7351,-1.0,-0.10044716666666664,-0.02800891666666667,-0.3783333333333333
129,2015-01-18,2,1,7,4,5,1,0.02214375,0.37324999999999997,-0.375,-0.08583029166666666,-0.011974750000000011,-0.36583333333333334
130,2015-01-25,2,0,4,1,1,4,0.13359444444444446,0.026294444444444454,0.611111111111111,-0.08098084722222221,-0.02134697222222223,-0.3213888888888889
131,2015-02-01,4,1,4,5,2,2,-0.15868,-0.13279000000000002,-0.26666666666666666,-0.08990968055555555,-0.0376576388888889,-0.2647222222222222
132,2015-02-08,1,0,2,1,1,1,0.0193,0.0862,0.25,-0.08665001388888889,-0.034919972222222234,-0.16972222222222225
133,2015-02-15,7,0,3,6,2,2,-0.11520833333333333,-0.11452499999999999,-0.5208333333333334,-0.09360418055555554,-0.06439330555555557,-0.23847222222222225
134,2015-02-22,1,1,4,0,4,2,-0.015050000000000008,0.24922,0.4,-0.07767334722222222,-0.035876305555555564,-0.18597222222222226
135,2015-03-01,6,0,3,6,2,1,-0.0015999999999999973,-0.09862916666666666,-0.41666666666666663,-0.07092709722222221,-0.04157422222222223,-0.1901388888888889
136,2015-03-08,5,1,4,7,1,2,-0.17964166666666664,-0.015416666666666676,-0.5416666666666666,-0.08078376388888889,-0.0044975555555555645,-0.18180555555555555
137,2015-03-15,3,1,3,1,3,3,-0.18655,-0.18709166666666668,0.16666666666666666,-0.10535918055555556,-0.05485880555555557,-0.16930555555555554
138,2015-03-22,5,2,4,7,3,1,-0.0754625,-0.07318958333333334,-0.6041666666666666,-0.055715430555555556,0.011332236111111098,-0.1297222222222222
139,2015-03-29,6,1,6,6,6,1,-0.06463333333333332,0.036746666666666664,-0.4666666666666666,-0.0643931388888889,-0.022318097222222232,-0.1388888888888889
140,2015-04-05,4,2,1,4,1,2,-0.09605555555555556,-0.16213333333333335,-0.16666666666666666,-0.0873581388888889,-0.04116087500000001,-0.21666666666666665
141,2015-04-12,6,1,5,4,7,1,-0.13543333333333335,-0.012866666666666693,-0.25,-0.08503347222222221,-0.02916854166666668,-0.215
142,2015-04-19,3,0,3,3,2,1,-0.2783277777777778,-0.1875611111111111,-0.4444444444444444,-0.11479625,-0.056544652777777794,-0.2844444444444444
143,2015-04-26,1,1,3,0,1,4,0.017011111111111112,0.3201222222222222,0.8888888888888888,-0.10157430555555555,-0.013079930555555574,-0.14347222222222222
144,2015-05-03,1,2,3,2,2,2,0.1408,0.09900000000000002,0.0,-0.08598930555555555,-0.02810193055555557,-0.1834722222222222
145,2015-05-10,2,3,3,2,4,2,0.14803611111111112,0.13331111111111113,0.25,-0.07102569444444444,-0.004907902777777795,-0.11680555555555557
146,2015-05-17,2,0,4,2,1,3,-0.0279875,0.02931249999999999,0.125,-0.055860277777777766,-0.0004349861111111283,-0.050138888888888886
147,2015-05-24,1,2,4,3,2,2,-0.0806875,0.18406250000000002,-0.25,-0.045274027777777774,0.036680430555555546,-0.09180555555555556
148,2015-05-31,4,1,2,4,2,1,-0.07955833333333334,-0.08830833333333332,-0.5833333333333334,-0.04568361111111111,0.03516855555555554,-0.08972222222222223
149,2015-06-07,1,4,5,2,3,5,0.0661875,0.12542291666666666,0.20833333333333331,-0.03260152777777778,0.04403618055555554,-0.022222222222222233
150,2015-06-14,5,0,4,3,4,2,-0.27974375,-0.2535625,-0.3125,-0.050970347222222226,0.03489326388888888,-0.03680555555555557
151,2015-06-21,6,0,6,4,5,3,-0.20970833333333333,0.05237291666666666,-0.04166666666666667,-0.05839784722222222,0.04141722222222221,-0.01597222222222224
152,2015-06-28,3,4,2,4,4,1,-0.055580000000000004,0.08186666666666667,-0.36666666666666664,-0.03612306944444445,0.06835999999999999,-0.008194444444444459
153,2015-07-05,5,2,1,3,3,2,-0.09886666666666666,-0.27165833333333333,0.08333333333333334,-0.04771084722222222,0.009181944444444434,-0.08875000000000001
154,2015-07-12,3,0,5,4,4,0,0.045956666666666666,0.10533666666666666,-0.4666666666666666,-0.05719518055555556,0.009815611111111098,-0.13541666666666669
155,2015-07-19,4,0,7,2,5,4,0.1620766666666667,0.05825666666666669,0.0,-0.055791125,0.002310166666666655,-0.16041666666666668
156,2015-07-26,2,3,2,2,5,0,-0.1255,0.022908333333333322,-0.16666666666666666,-0.065542375,0.0016697499999999879,-0.18958333333333335
157,2015-08-02,6,0,4,5,4,1,0.1404375,-0.18539999999999998,-0.375,-0.04342987499999999,-0.03527650000000001,-0.20208333333333334
158,2015-08-09,4,0,4,3,1,4,0.03682500000000001,0.11150000000000002,-0.1875,-0.03179154166666666,-0.01529566666666668,-0.1625
159,2015-08-16,6,2,4,5,4,3,0.051062500000000004,0.017883333333333334,-0.1875,-0.03330404166666666,-0.02604962500000001,-0.20208333333333334
160,2015-08-23,2,0,3,1,3,1,-0.1999875,0.09436250000000003,-0.125,-0.025328416666666666,0.008742874999999994,-0.18333333333333335
161,2015-08-30,2,2,5,3,3,3,0.0547625,0.1887125,0.04166666666666667,0.0011186666666666684,0.02237683333333333,-0.175
162,2015-09-06,2,1,5,5,1,2,0.03394166666666667,0.2017916666666667,-0.125,0.010070833333333338,0.03436933333333333,-0.15083333333333332
163,2015-09-13,1,0,6,2,3,2,0.0344625,0.42573333333333335,-0.16666666666666669,0.02340375,0.1041085,-0.17583333333333334
164,2015-09-20,4,0,8,6,3,3,-0.15107291666666667,0.07014374999999999,-0.27083333333333337,0.003700791666666667,0.10058920833333333,-0.15625
165,2015-09-27,3,0,2,1,2,2,-0.12301111111111111,0.1309888888888889,0.3333333333333333,-0.024807986111111114,0.10786243055555556,-0.12291666666666667
166,2015-10-04,2,0,8,4,2,4,0.03457500000000001,0.240675,-0.275,-0.008800486111111113,0.12963909722222222,-0.13375
167,2015-10-11,6,0,1,4,1,2,-0.2309875,-0.44166666666666665,-0.3333333333333333,-0.04594298611111112,0.10401243055555556,-0.12958333333333333
168,2015-10-18,5,1,4,4,2,4,-0.031219999999999998,-0.09994222222222222,-0.11111111111111112,-0.05274748611111111,0.08286820833333333,-0.12194444444444445
169,2015-10-25,4,0,5,4,3,2,0.06879166666666667,0.12543333333333334,0.0,-0.05097456944444445,0.09362320833333333,-0.10319444444444445
170,2015-11-01,3,2,7,4,3,5,0.004804166666666675,0.24454166666666666,0.25,-0.03049540277777778,0.10864112499999998,-0.06569444444444446
171,2015-11-08,3,3,6,4,3,5,0.03865625,0.16340125,-0.1,-0.03210602777777778,0.10611,-0.07986111111111113
172,2015-11-15,1,3,5,5,2,2,0.053829166666666664,0.04437500000000001,-0.375,-0.030117277777777778,0.09036833333333333,-0.10486111111111111
173,2015-11-22,4,1,3,5,3,0,0.025506250000000008,-0.044675000000000006,-0.625,-0.031012902777777778,0.043327499999999984,-0.15069444444444446
174,2015-11-29,3,0,7,4,4,2,0.20516666666666666,0.20172500000000002,-0.3333333333333333,0.004611055555555554,0.056485624999999984,-0.15694444444444444
175,2015-12-06,2,1,8,6,4,1,0.12802583333333334,0.034290833333333326,-0.5166666666666666,0.02971475,0.046815819444444434,-0.24194444444444443
176,2015-12-13,4,2,3,5,2,2,-0.12220625000000002,-0.0178,-0.3125,0.014036624999999997,0.020968319444444432,-0.2456944444444445
177,2015-12-20,4,1,3,6,2,0,0.024505555555555548,-0.04531111111111111,-0.7777777777777777,0.03958593055555555,0.060603874999999995,-0.29013888888888884
178,2015-12-27,0,0,1,0,1,0,-0.5994,0.4767,0.0,-0.017232069444444453,0.11826809722222223,-0.27902777777777776
179,2016-01-17,4,0,2,3,3,0,-0.034633333333333335,-0.10287222222222225,-0.4444444444444444,-0.027574569444444454,0.09543754166666665,-0.3234722222222222
180,2016-01-24,3,0,6,5,3,1,-0.03074166666666666,0.06669166666666665,-0.20833333333333331,-0.031129152777777787,0.07765254166666664,-0.36930555555555555
181,2016-01-31,5,0,6,4,6,1,-0.09084375,-0.10675624999999998,-0.20833333333333331,-0.04407915277777778,0.05063679166666666,-0.38013888888888886
182,2016-02-07,5,1,5,5,2,4,0.0038958333333333345,-0.15622083333333334,-0.08333333333333333,-0.04907248611111112,0.03057720833333332,-0.3509722222222222
183,2016-02-14,5,1,4,5,1,4,0.10482916666666664,0.0006104166666666792,0.10416666666666669,-0.04114019444444446,0.035105749999999984,-0.27805555555555556
184,2016-02-21,4,0,7,8,1,2,-0.012370833333333345,0.16596666666666668,-0.5,-0.06289394444444445,0.03152991666666666,-0.2947222222222222
185,2016-02-28,2,2,3,2,4,1,-0.05361250000000001,0.1738125,-0.125,-0.0810577777777778,0.045482083333333326,-0.25555555555555554
186,2016-03-06,8,2,3,7,4,2,-0.0508975,-0.17948125,-0.3375,-0.07392690277777778,0.029313958333333324,-0.2580555555555556
187,2016-03-13,6,1,3,8,1,1,-0.16444888888888887,-0.11189777777777776,-0.6,-0.09282234722222223,0.022655291666666657,-0.24027777777777776
188,2016-03-20,5,1,3,3,4,2,-0.09638749999999999,-0.1041875,-0.125,-0.04252109722222223,-0.03543345833333335,-0.25277777777777777
189,2016-03-27,6,0,6,6,2,4,-0.1210875,-0.058949999999999995,-0.25,-0.05116651388888889,-0.03104123611111112,-0.2333333333333333
190,2016-04-03,1,1,7,2,4,3,0.05646249999999999,0.419075,0.0,-0.04244609722222222,0.004197097222222212,-0.2125
191,2016-04-10,6,0,3,5,2,2,0.04497083333333333,-0.3118375,-0.5,-0.028864638888888888,-0.016311027777777785,-0.24166666666666664
192,2016-04-17,1,2,6,2,3,4,0.042725,0.23964375,0.5,-0.024981722222222228,0.023275430555555542,-0.18333333333333335
193,2016-04-24,3,0,3,4,1,1,-0.11684999999999998,0.18154166666666666,-0.75,-0.04714963888888889,0.04136855555555554,-0.26875
194,2016-05-01,5,1,3,3,4,2,0.08861666666666668,0.041181250000000016,-0.25,-0.03705088888888889,0.02889001388888888,-0.24375
195,2016-05-08,5,1,5,6,3,2,-0.144625,-0.08684499999999999,-0.275,-0.04615213888888888,0.0028242638888888753,-0.25875
196,2016-05-15,5,0,4,5,0,4,-0.14591875,0.050581249999999994,-0.08333333333333333,-0.05565426388888889,0.02583051388888887,-0.23333333333333334
197,2016-05-22,2,0,9,5,5,1,0.09992333333333334,0.19389333333333333,-0.23333333333333334,-0.029217041666666665,0.056409624999999984,-0.19666666666666668
198,2016-05-29,5,0,2,4,2,1,0.04519999999999996,-0.2566875,-0.375,-0.015058291666666673,0.041159624999999984,-0.22166666666666668
199,2016-06-05,3,0,10,4,4,5,0.02829583333333334,0.21006875,0.020833333333333343,-0.00011995833333333928,0.06806149999999998,-0.19458333333333333
200,2016-06-12,4,1,2,2,4,1,-0.10096111111111111,-0.20558333333333334,-0.16666666666666666,-0.01586231944444445,0.005595666666666652,-0.21125
201,2016-06-19,7,2,3,5,6,1,0.06421666666666666,-0.11552291666666666,-0.29166666666666663,-0.013937736111111116,0.02522712499999999,-0.19041666666666665
202,2016-06-26,3,1,7,3,2,6,0.036041666666666666,0.2235916666666667,0.25,-0.014606069444444453,0.02362191666666666,-0.21541666666666667
203,2016-07-03,2,4,5,5,3,3,0.059568750000000004,0.12205833333333332,-0.29166666666666663,0.0030358055555555472,0.017673583333333326,-0.16958333333333334
204,2016-07-10,2,1,7,2,6,2,0.11865555555555556,0.21765833333333331,-0.027777777777777752,0.006039694444444435,0.03532129166666666,-0.1473611111111111
205,2016-07-17,2,0,5,3,2,2,0.023591666666666667,0.3347,-0.08333333333333333,0.022861361111111103,0.07747579166666665,-0.12819444444444444
206,2016-07-24,5,1,4,6,2,2,0.0395375,-0.028066666666666684,-0.41666666666666663,0.041406986111111106,0.06961099999999998,-0.16152777777777777
207,2016-07-31,4,3,4,5,3,3,0.05269791666666665,0.0417,-0.125,0.036684444444444436,0.05439166666666665,-0.1506944444444444
208,2016-08-07,2,1,5,4,2,2,0.04037777777777777,0.28986666666666666,-0.16666666666666666,0.03620222222222222,0.10904708333333332,-0.1298611111111111
209,2016-08-14,2,1,4,2,2,3,0.048916666666666664,0.19152222222222223,0.16666666666666666,0.03826430555555555,0.10719243055555554,-0.11527777777777777
210,2016-08-21,0,1,7,3,2,3,0.18449583333333333,0.43656666666666666,0.125,0.06681,0.17140743055555557,-0.0861111111111111
211,2016-08-28,2,2,4,3,4,1,-0.14228333333333334,0.05194999999999998,-0.5,0.04615999999999999,0.1881547222222222,-0.10694444444444444
212,2016-09-04,4,1,5,2,2,6,-0.17447916666666669,0.07381666666666667,0.5,0.025107916666666657,0.1731772222222222,-0.08194444444444444
213,2016-09-11,4,1,7,5,2,5,0.024294999999999997,0.194675,0.23333333333333334,0.021580541666666658,0.18043888888888887,-0.029444444444444433
214,2016-09-18,7,1,3,6,3,2,-0.00028666666666666077,-0.059922500000000004,-0.18333333333333335,0.009686319444444435,0.15268080555555552,-0.045
215,2016-09-25,1,2,6,0,6,3,-0.02584166666666666,0.30445833333333333,0.24999999999999997,0.004742986111111102,0.1496566388888889,-0.011666666666666672
216,2016-10-02,1,0,6,4,1,2,0.014187500000000006,0.30972500000000003,-0.375,0.0022079861111111033,0.18343580555555555,-0.007500000000000007
217,2016-10-09,2,0,5,2,2,3,0.11470000000000001,0.15230000000000002,0.25,0.008408194444444439,0.19449580555555554,0.029999999999999992
218,2016-10-16,2,1,7,2,3,5,0.06705208333333332,0.23990625,0.04166666666666666,0.011075624999999995,0.18949976388888887,0.05083333333333332
219,2016-10-23,2,0,3,2,2,1,0.11304444444444443,0.4443111111111111,0.11111111111111112,0.017488402777777773,0.2147786527777778,0.04527777777777777
220,2016-10-30,0,1,7,5,2,1,0.261775,0.3244458333333333,-0.29166666666666663,0.025216319444444434,0.20356656944444446,0.003611111111111109
221,2016-11-06,2,1,5,2,4,2,0.0929875,0.28600416666666667,-0.16666666666666669,0.048743402777777764,0.2269719861111111,0.03694444444444444
222,2016-11-13,1,1,4,3,2,1,0.12204444444444444,0.062244444444444436,-0.4444444444444444,0.07839576388888889,0.2258147638888889,-0.057499999999999996
223,2016-11-20,1,1,5,3,0,4,-0.08077499999999999,0.20795,0.25,0.06788876388888888,0.22714226388888886,-0.05583333333333333
224,2016-11-27,3,1,3,4,2,1,0.015199999999999998,-0.0167875,-0.375,0.06943743055555554,0.23145576388888892,-0.075
225,2016-12-04,3,2,6,4,4,3,0.007906249999999993,0.212525,0.125,0.07281222222222221,0.22226243055555553,-0.0875
226,2016-12-11,1,2,5,3,1,4,0.12837500000000002,0.30464166666666664,0.08333333333333331,0.08423097222222223,0.22175409722222222,-0.04166666666666667
227,2016-12-18,2,0,7,1,4,4,0.16321,0.3920925,0.425,0.08908197222222222,0.24573334722222223,-0.024166666666666677
228,2016-12-25,5,1,5,7,3,1,0.22033999999999998,0.061985,-0.5166666666666666,0.10441076388888888,0.2279412222222222,-0.07999999999999999
229,2017-01-22,1,2,4,2,2,3,0.022237500000000007,0.16965,0.25,0.09533006944444444,0.2004751111111111,-0.0661111111111111
230,2017-01-29,2,1,6,3,4,2,-0.030990000000000004,0.38634,-0.175,0.06605356944444443,0.20666452777777775,-0.05444444444444445
231,2017-02-05,3,2,6,4,5,2,-0.06344166666666667,0.17459791666666669,-0.14583333333333331,0.050410652777777766,0.19552390277777776,-0.0523611111111111
232,2017-02-12,1,0,8,3,2,4,-0.053687500000000006,0.46708333333333335,0.20833333333333334,0.032837458333333326,0.23600779166666666,0.012916666666666668
233,2017-02-19,5,0,9,4,6,4,0.129125,0.06898750000000001,-0.08333333333333334,0.05382745833333332,0.22211154166666666,-0.020416666666666666
234,2017-02-26,1,4,5,4,2,4,0.16661666666666666,0.2767645833333333,-0.22916666666666666,0.06896912499999999,0.25146674999999996,-0.005833333333333332
235,2017-03-05,3,3,3,2,4,3,0.07819166666666666,0.018170833333333344,0.125,0.07599766666666666,0.23203133333333334,-0.005833333333333332
236,2017-03-12,3,0,6,2,0,7,0.10976875,0.39074583333333335,0.7083333333333333,0.07413704166666665,0.24064175,0.056666666666666664
237,2017-03-19,6,0,7,5,5,3,-0.007574999999999998,0.014679166666666688,-0.12499999999999999,0.057058541666666664,0.20290041666666667,0.0016666666666666676
238,2017-03-26,0,0,6,2,1,3,-0.255425,0.5819625,0.25,0.009482041666666658,0.25489816666666665,0.07833333333333334
239,2017-04-02,4,0,5,3,4,2,-0.007844444444444454,0.06685555555555556,-0.11111111111111109,0.006473847222222211,0.24461872222222225,0.042222222222222223
240,2017-04-09,4,1,4,3,2,4,0.130575,-0.2062,-0.125,0.02263034722222221,0.18536472222222222,0.04722222222222222
241,2017-04-16,3,1,4,3,2,3,0.2703,0.09973,0.0,0.05600451388888887,0.17787793055555556,0.06180555555555556
242,2017-04-23,5,3,5,1,7,5,-0.01033333333333333,0.09674166666666667,0.5,0.060339930555555546,0.14084376388888892,0.09097222222222222
243,2017-04-30,5,2,1,2,5,1,0.007524999999999997,-0.14192500000000002,0.08333333333333334,0.04817993055555554,0.1197525138888889,0.10763888888888888
244,2017-05-07,2,1,5,1,6,1,0.06927083333333334,0.34687083333333335,0.04166666666666667,0.03844534722222222,0.12676313888888888,0.13472222222222222
245,2017-05-14,3,4,2,3,4,2,0.0361475,0.11426750000000001,0.15,0.03424093055555555,0.13637280555555556,0.13722222222222222
246,2017-05-21,3,0,5,3,2,3,-0.16809375,0.06924999999999998,0.0,0.006454680555555548,0.10422322222222222,0.0663888888888889
247,2017-05-28,3,1,7,4,5,2,0.030779999999999995,0.16128666666666666,-0.3333333333333333,0.010290180555555547,0.1188839722222222,0.045555555555555564
248,2017-06-04,2,1,4,2,3,2,0.05342500000000001,0.09653333333333332,0.20833333333333334,0.04117518055555555,0.07034105555555555,0.0413888888888889
249,2017-06-11,2,1,8,4,6,1,-0.058962500000000015,0.16979791666666666,-0.22916666666666666,0.036063374999999995,0.08063529166666665,0.02958333333333334
250,2017-06-18,5,1,4,2,4,4,0.033023333333333335,-0.21553666666666665,0.2,0.026308208333333326,0.07970162499999997,0.062083333333333345
251,2017-06-25,0,0,7,0,3,4,0.41625416666666665,0.45185416666666667,0.5,0.040903625,0.11491404166666666,0.11208333333333335
252,2017-07-02,6,1,1,3,3,2,0.022766666666666668,-0.15987083333333335,0.04166666666666667,0.04421362499999999,0.08925279166666664,0.06625
253,2017-07-09,1,2,1,2,0,2,0.0,-0.208,-0.3333333333333333,0.043461125,0.08264529166666665,0.024583333333333346
254,2017-07-16,2,1,4,0,3,4,0.10389166666666665,-0.05993333333333334,0.4166666666666667,0.04692320833333333,0.04196487499999998,0.06208333333333336
255,2017-07-23,1,3,3,1,5,1,-0.08165555555555555,-0.11458888888888889,-0.22222222222222224,0.035142902777777776,0.019079236111111092,0.024861111111111125
256,2017-07-30,4,0,5,2,5,2,0.25443333333333334,-0.02913749999999999,0.20833333333333334,0.07739561111111111,0.009240486111111095,0.04569444444444446
257,2017-08-06,3,1,4,4,1,3,-0.01562,0.02643000000000002,-0.3,0.0727556111111111,-0.00424518055555557,0.04902777777777779
258,2017-08-13,3,1,4,4,1,3,0.07545416666666664,-0.024808333333333314,-0.20833333333333331,0.07495852777777777,-0.016379347222222236,0.007361111111111124
259,2017-08-20,4,4,5,3,6,4,-0.011146666666666668,0.12292,0.1,0.0797401111111111,-0.0210671388888889,0.04027777777777779
260,2017-08-27,2,1,3,1,4,1,0.0683,0.2709375,0.0,0.08326777777777777,0.027580277777777766,0.02027777777777779
261,2017-09-03,2,0,8,2,5,3,0.10232916666666667,0.22657916666666666,0.04166666666666667,0.05187527777777777,0.005052777777777767,-0.025555555555555536
262,2017-09-10,4,0,5,3,3,3,-0.05424444444444445,0.12060000000000004,0.0,0.04417416666666667,0.03309986111111111,-0.029722222222222205
263,2017-09-17,2,1,4,2,4,1,0.10016250000000002,0.07483333333333334,-0.04166666666666666,0.054190416666666665,0.061383194444444435,-0.0005555555555555411
264,2017-09-24,0,5,4,2,7,0,0.079825,0.181475,-0.1875,0.05178375,0.08552402777777778,-0.060972222222222205
265,2017-10-01,3,1,1,2,3,0,0.0734,-0.19460000000000002,-0.5,0.06728930555555557,0.07752291666666666,-0.08874999999999998
266,2017-10-08,3,0,5,2,5,1,0.037533333333333335,0.147275,-0.08333333333333333,0.04559930555555556,0.09516416666666666,-0.11791666666666664
267,2017-10-15,4,0,5,1,5,3,0.022766666666666668,0.15687083333333335,0.20833333333333331,0.04943797222222222,0.10820824999999998,-0.06708333333333331
268,2017-10-22,1,1,3,1,2,2,0.068475,0.23139166666666666,0.25,0.048740055555555564,0.13382824999999998,-0.021249999999999984
269,2017-10-29,0,2,3,1,3,1,-0.07811666666666665,0.2092333333333333,0.0,0.042043055555555556,0.14245958333333333,-0.03124999999999999
270,2017-11-05,4,1,4,1,6,2,0.0016062500000000018,-0.02549375000000001,0.125,0.03537368055555556,0.11281645833333331,-0.01874999999999999
271,2017-11-12,1,1,6,1,5,2,0.0879,0.2785083333333333,0.08333333333333333,0.033930763888888896,0.11800937499999997,-0.01458333333333332
272,2017-11-19,1,1,1,1,1,1,0.09106666666666667,0.04980000000000001,0.0,0.04846187500000001,0.11092937499999997,-0.01458333333333332
273,2017-11-26,2,0,4,1,4,1,-0.06545000000000001,0.149125,-0.125,0.031900625,0.11835854166666664,-0.022916666666666655
274,2017-12-03,1,6,7,3,8,3,0.092105,0.19703,0.16666666666666669,0.03312862500000001,0.11991404166666664,0.012500000000000015
275,2017-12-10,2,4,9,2,9,4,-0.04411400000000001,0.208828,0.11333333333333333,0.021377225000000003,0.16025684166666665,0.07383333333333333
276,2017-12-17,1,8,8,3,12,2,0.115192,0.17678366666666667,-0.2,0.029143091666666666,0.1632077083333333,0.06216666666666668
277,2017-12-24,1,6,6,1,8,4,0.14346111111111112,0.251075,0.27777777777777773,0.041212536111111114,0.172628125,0.06911111111111112
278,2018-01-07,0,2,0,0,1,1,-0.28595,0.0,0.5,0.005770036111111115,0.14948895833333334,0.09411111111111112
279,2018-01-14,4,3,2,4,2,3,-0.19679333333333332,-0.10324,0.0666666666666667,-0.00609763055555555,0.11824162499999998,0.10077777777777779
280,2018-01-21,9,4,3,5,7,4,-0.043625833333333336,-0.15881833333333334,-0.10416666666666667,-0.010620838888888885,0.10490916666666665,0.07786111111111112
281,2018-01-28,3,7,5,1,9,5,0.10458333333333332,0.09128750000000001,0.425,-0.008952505555555556,0.08618708333333333,0.1120277777777778
282,2018-02-04,3,3,7,2,8,3,0.053213333333333335,0.18061833333333335,0.016666666666666673,-0.012737838888888886,0.09926891666666667,0.11369444444444446
283,2018-02-11,6,2,5,4,5,4,-0.14415166666666665,-0.05591666666666666,0.061111111111111116,-0.02060800555555555,0.07876475,0.13230555555555557
284,2018-02-18,9,6,6,9,8,4,-0.09057246031746032,-0.04189563492063494,-0.2222222222222222,-0.03887575158730158,0.054872186507936495,0.09341666666666666
285,2018-02-25,9,4,8,6,10,5,-0.08426,-0.03947066666666667,0.0,-0.04289035158730158,0.030042319841269826,0.08208333333333336
286,2018-03-04,4,7,7,4,9,5,0.129495,0.11035666666666666,0.03333333333333333,-0.04146005158730158,0.023399619841269825,0.10541666666666667
287,2018-03-11,2,8,5,1,9,5,0.04199666666666667,0.18473,0.5166666666666666,-0.05160649603174603,0.016765119841269827,0.12930555555555556
288,2018-03-18,6,6,11,5,12,6,0.11126700680272109,-0.02116241496598639,0.04081632653061224,-0.01188479535147392,0.014648878344671188,0.0833871882086168
289,2018-03-25,3,8,9,2,14,4,0.07045694444444443,0.15557222222222222,0.125,0.014840232426303857,0.040530100566893414,0.08922052154195012
290,2018-04-01,11,8,7,6,15,5,-0.20415056689342403,-0.06570385487528344,-0.06462585034013604,-0.0012122409297052133,0.049841548412698396,0.09317460317460319
291,2018-04-08,2,4,11,6,5,6,-0.04085694444444443,0.20492388888888888,0.05277777777777778,-0.01575626870748299,0.061205187301587284,0.055952380952380976
292,2018-04-15,4,6,9,5,8,6,-0.01133666666666668,0.04412333333333333,-0.06666666666666665,-0.022211268707482988,0.04755568730158728,0.04761904761904764
293,2018-04-22,8,5,9,4,9,9,-0.190255,-0.05184,0.2214285714285714,-0.02682160204081633,0.04796335396825395,0.06365079365079367
294,2018-04-29,3,11,11,5,14,6,0.13127222222222223,0.09965666666666667,-0.09722222222222222,-0.004637133786848072,0.06211858412698412,0.07615079365079366
295,2018-05-06,2,2,10,2,5,7,0.2881638888888889,0.19274722222222226,0.3055555555555555,0.03260525510204082,0.08534037301587301,0.10670634920634922
296,2018-05-13,2,11,8,1,14,6,0.09021349206349205,0.16665555555555553,0.21428571428571427,0.028677104308390024,0.0909702619047619,0.1248015873015873
297,2018-05-20,3,8,10,2,15,4,-0.0005173809523809557,0.16322976190476193,0.05238095238095238,0.024425699546485262,0.08882023809523808,0.07837301587301589
298,2018-05-27,4,2,10,5,8,3,-0.016293055555555557,0.1541861111111111,-0.2638888888888889,0.011669693310657597,0.10635509070294784,0.04790249433106577
299,2018-06-03,6,0,10,2,9,5,0.05473750000000001,0.011021249999999996,0.2875,0.010097748866213157,0.09189999348072561,0.06415249433106578
300,2018-06-10,1,3,5,3,4,2,0.13239333333333334,0.22034333333333334,-0.033333333333333326,0.04375213888888889,0.1205047123015873,0.06728174603174604
301,2018-06-17,1,5,4,4,5,1,0.2304166666666667,0.31666666666666665,-0.25,0.07087950000000001,0.13167899007936507,0.037003968253968275
302,2018-06-24,3,3,4,2,4,4,-0.004564999999999997,-0.015075000000000015,0.05,0.07155666666666667,0.12575915674603172,0.048670634920634934
303,2018-07-01,4,2,6,2,7,3,0.06970666666666667,0.07980666666666666,0.05,0.09755283333333334,0.1389238234126984,0.0315277777777778
304,2018-07-08,3,2,7,1,9,2,0.12243333333333334,0.11385,0.05555555555555555,0.09666894444444446,0.14034315674603176,0.04680555555555557
305,2018-07-15,6,0,3,4,4,1,-0.012661111111111114,-0.13471111111111114,-0.3611111111111111,0.06658644444444446,0.10759732341269838,-0.01986111111111109
306,2018-07-22,3,3,6,3,6,3,0.16316666666666668,0.08964791666666666,0.08333333333333333,0.07388176190476192,0.09989655952380952,-0.032956349206349184
307,2018-07-29,1,1,5,1,4,2,0.10162,0.34726,0.3,0.08409550000000002,0.1182995833333333,-0.008194444444444426
308,2018-08-05,1,3,6,1,7,2,0.056010000000000004,0.12557666666666667,0.06666666666666667,0.09132580555555557,0.11543863888888886,0.02486111111111113
309,2018-08-12,0,1,3,0,3,1,-0.006616666666666669,0.1553166666666667,0.16666666666666666,0.0851903888888889,0.12986818055555555,0.0127777777777778
310,2018-08-19,1,10,11,2,12,8,0.13991408163265306,0.09951408163265307,0.2836734693877551,0.08594246371882087,0.1177852553854875,0.04447845804988664
311,2018-08-26,1,2,12,1,7,7,0.174815,0.418785,0.4,0.0803822970521542,0.12799708871882082,0.10947845804988665
312,2018-09-02,1,3,4,1,2,5,0.14903333333333332,0.27075,0.5833333333333334,0.09574213038548754,0.15657958871882086,0.16281179138321997
313,2018-09-09,3,2,8,3,7,3,0.009500000000000008,0.21434666666666669,0.03333333333333334,0.08972146371882088,0.17003358871882085,0.16114512471655335
314,2018-09-16,3,6,10,4,10,5,0.2733736111111111,0.11677361111111112,0.06944444444444445,0.10481549149659863,0.17032594982993196,0.16253401360544223
315,2018-09-23,0,1,9,2,6,2,0.015246666666666667,0.3849066666666666,0.1,0.10760626927437644,0.22228772760770976,0.20864512471655333
316,2018-09-30,5,2,7,2,5,7,0.11926388888888889,0.14862638888888888,0.3194444444444444,0.10321599149659863,0.22818557482993196,0.23225623582766444
317,2018-10-07,3,2,8,0,4,9,0.15635749999999998,0.20411833333333335,0.7666666666666666,0.10868974149659864,0.21387140816326528,0.27892290249433105
318,2018-10-14,3,5,5,3,9,1,-0.013485000000000002,0.03604666666666667,-0.15,0.10174024149659866,0.2049184081632653,0.25725623582766444
319,2018-10-21,1,1,5,1,4,2,0.04526,0.30785999999999997,0.1,0.10692790816326529,0.2201727414965986,0.2505895691609977
320,2018-10-28,3,4,9,3,10,3,-0.047011111111111115,0.24916388888888888,-0.1388888888888889,0.08823538888888889,0.23513772222222218,0.20833333333333331
321,2018-11-04,1,2,10,3,6,4,0.05028666666666667,0.255125,-0.2333333333333333,0.07578255555555556,0.21877172222222221,0.145
322,2018-11-11,3,7,4,2,9,3,0.02229375,-0.013481250000000014,-0.020833333333333343,0.06310859722222223,0.1903485972222222,0.08458333333333334
323,2018-11-18,6,2,7,5,8,2,-0.02400416666666666,-0.03992916666666666,-0.3055555555555555,0.05975818055555556,0.16492101388888886,0.050694444444444466
324,2018-11-25,2,4,6,2,8,2,0.05712333333333333,0.009131666666666705,-0.16666666666666669,0.03813315277777779,0.15415681944444443,0.02708333333333334
325,2018-12-02,1,5,6,1,9,2,0.04693055555555555,0.16745833333333335,0.09722222222222221,0.04130154166666668,0.1324119861111111,0.026805555555555565
326,2018-12-09,3,3,1,1,3,3,0.11680833333333333,-0.190825,0.4166666666666667,0.04105598611111112,0.09846684722222221,0.03652777777777779
327,2018-12-16,0,3,3,0,5,1,0.07553750000000001,0.240975,0.25,0.03297398611111112,0.10215251388888888,-0.015138888888888868
328,2018-12-23,4,5,1,1,8,1,0.10449166666666666,-0.02033750000000002,0.125,0.044771652777777796,0.0965140972222222,0.012361111111111132
329,2018-12-30,0,1,2,0,1,2,0.10692499999999999,0.2248,0.75,0.05093815277777779,0.0882080972222222,0.07736111111111113
330,2019-01-06,1,0,0,1,0,0,-0.7351,-0.4767,-1.0,-0.017870736111111098,0.015621708333333317,-0.00874999999999999
331,2019-01-13,2,2,6,1,5,4,0.054289583333333336,0.3022,0.4375,-0.01747044444444443,0.020329208333333314,0.05833333333333335
332,2019-01-20,3,6,7,0,10,6,0.0933261904761905,0.08283333333333334,0.3,-0.010367200396825382,0.029960666666666646,0.09041666666666667
333,2019-01-27,3,2,11,2,10,4,0.10019722222222222,0.20591388888888887,0.19444444444444445,0.002052938492063508,0.05454497222222221,0.14041666666666666
334,2019-02-03,1,3,7,0,5,6,0.107375,0.30613333333333337,0.5,0.007078105158730174,0.08424513888888888,0.20708333333333334
335,2019-02-10,3,1,8,2,7,3,-0.007929166666666673,0.014991666666666681,-0.08333333333333333,0.001592132936507952,0.0689984722222222,0.1890277777777778
336,2019-02-17,4,4,5,4,7,2,-0.055183,0.09284700000000001,-0.24,-0.015607000396825383,0.0973656722222222,0.12336111111111112
337,2019-02-24,1,8,8,2,13,2,-0.043548809523809524,0.11841666666666666,0.02380952380952381,-0.027515631349206336,0.08510983888888887,0.10074206349206352
338,2019-03-03,5,3,19,6,12,9,0.23152166666666668,0.31094666666666665,0.31666666666666665,-0.014812631349206332,0.11823825555555553,0.11990873015873019
339,2019-03-10,6,5,5,1,11,4,-0.0182,-0.005490000000000006,0.2,-0.027325131349206333,0.09520925555555554,0.06490873015873018
340,2019-03-17,6,4,6,4,7,5,-0.031642083333333335,0.06855375,0.09166666666666665,0.04302066031746033,0.14973463055555553,0.17407539682539683
341,2019-03-24,4,4,6,3,7,4,-0.028259999999999997,0.164985,0.016666666666666653,0.034765701984127,0.13601313055555553,0.13199206349206352
342,2019-03-31,1,4,9,0,7,7,0.13423809523809524,0.28573333333333334,0.4523809523809524,0.03885689246031747,0.15630313055555553,0.14723015873015874
343,2019-04-07,3,2,10,1,8,6,0.16844,0.24791499999999997,0.3,0.045681170238095245,0.16050324166666663,0.15778571428571428
344,2019-04-14,1,3,7,2,4,5,0.14723124999999998,0.17224375,0.25,0.04966679523809525,0.1471142833333333,0.13278571428571428
345,2019-04-21,2,1,5,1,4,3,-0.036915,0.072315,-0.1,0.046768211904761915,0.15284661666666666,0.13111904761904764
346,2019-04-28,3,3,6,4,6,2,-0.13377833333333333,-0.08139666666666667,-0.26666666666666666,0.03890867857142859,0.13542224999999997,0.12845238095238093
347,2019-05-05,1,1,7,3,4,2,0.014774999999999983,0.14608749999999998,-0.25,0.04474105952380954,0.13818933333333333,0.10107142857142856
348,2019-05-12,0,4,8,0,6,6,0.06136666666666666,0.23401458333333336,0.5833333333333333,0.027725559523809534,0.130496125,0.12773809523809523
349,2019-05-19,0,2,12,2,11,1,0.14684791666666666,0.4326041666666666,-0.1875,0.0442303511904762,0.17430554166666662,0.08898809523809523
350,2019-05-26,3,7,9,3,10,6,-0.13872347222222223,0.025231805555555552,-0.29305555555555557,0.033522212301587306,0.16997334722222218,0.050515873015873014
351,2019-06-02,3,3,8,3,8,3,-0.15262083333333334,0.023658333333333333,-0.02777777777777778,0.021086128968253976,0.15584068055555553,0.04607142857142857
352,2019-06-09,4,4,6,2,9,3,-0.05114047619047619,0.0011380952380952475,0.16666666666666669,0.00254827182539683,0.12738115674603173,0.017499999999999998
353,2019-06-16,1,3,3,0,6,1,0.14875555555555556,0.15738888888888888,0.1111111111111111,0.0005798273809523857,0.11832854563492061,-0.0013888888888888896
354,2019-06-23,3,2,3,2,3,3,-0.008870000000000022,-0.06393666666666664,0.23333333333333334,-0.015030297619047613,0.09471050396825395,-0.0030555555555555557
355,2019-06-30,5,2,7,4,7,3,-0.0038305555555555593,-0.15169444444444444,-0.40277777777777785,-0.01172185317460317,0.0723095595238095,-0.03333333333333334
356,2019-07-07,1,1,3,1,2,2,-0.014583333333333346,0.13943333333333333,0.0,0.0001976468253968286,0.09439255952380951,-0.006666666666666677
357,2019-07-14,3,4,8,3,11,1,-0.14574523809523807,0.10331190476190477,-0.21428571428571427,-0.015854376984126978,0.09011499999999997,-0.0030952380952381036
358,2019-07-21,2,3,11,2,6,8,0.049018000000000006,0.19568933333333333,0.46333333333333326,-0.017089243650793638,0.08628247499999997,-0.015095238095238106
359,2019-07-28,1,3,7,2,6,3,-0.24322083333333333,0.11648333333333333,-0.08333333333333333,-0.056096118650793635,0.05467039166666665,-0.004678571428571439
360,2019-08-04,4,4,5,2,4,7,0.05328666666666666,0.167105,0.38333333333333336,-0.03689510476190475,0.06885771111111108,0.06296031746031745
361,2019-08-11,1,8,5,5,7,2,-0.029283999999999998,0.12399400000000001,-0.2733333333333333,-0.024561421428571414,0.07889127777777775,0.0384047619047619
362,2019-08-18,2,2,7,2,4,5,-0.008812500000000008,0.3584645833333333,0.25,-0.0203286238095238,0.11462392658730156,0.04673809523809523
363,2019-08-25,1,4,6,2,6,3,0.15942666666666666,0.12060666666666667,0.06666666666666667,-0.01926151269841269,0.11094570436507933,0.042293650793650786
364,2019-09-01,1,5,5,0,7,4,0.11154666666666667,0.2022183333333333,0.4166666666666667,-0.00721984603174602,0.13756120436507932,0.060626984126984126
365,2019-09-08,2,1,2,2,2,1,0.074,-0.1698875,-0.125,0.0005632095238095353,0.13574189880952378,0.08840476190476192
366,2019-09-15,3,3,2,0,6,2,-0.18784333333333333,-0.10243666666666666,0.16666666666666666,-0.016762790476190465,0.11155489880952378,0.10507142857142857
367,2019-09-22,3,2,7,4,5,3,0.08852916666666667,0.08319166666666668,-0.16666666666666669,0.006664650000000012,0.10954287499999997,0.10983333333333334
368,2019-09-29,1,2,6,2,4,3,0.0016333333333333293,0.30868611111111105,0.19444444444444442,0.0019261833333333446,0.12084255277777775,0.08294444444444445
369,2019-10-06,3,3,4,2,2,6,0.0593,0.10017499999999999,0.3,0.03217826666666668,0.11921171944444442,0.12127777777777778
370,2019-10-13,4,3,3,4,3,3,-0.060258333333333344,0.004875000000000004,-0.04166666666666666,0.020823766666666677,0.1029887194444444,0.07877777777777778
371,2019-10-20,1,2,4,1,4,2,0.0,0.22144,0.1,0.02375216666666668,0.1127333194444444,0.1161111111111111
372,2019-10-27,3,6,7,2,6,8,0.17429033333333332,0.18388033333333334,0.33999999999999997,0.042062450000000015,0.09527489444444441,0.12511111111111112
373,2019-11-03,2,3,9,1,8,5,0.3594176666666667,0.301157,0.36666666666666664,0.06206155000000002,0.11332992777777776,0.15511111111111112
374,2019-11-10,1,2,7,0,4,6,-0.05029666666666667,0.33607333333333334,0.7,0.04587721666666668,0.12671542777777775,0.18344444444444444
375,2019-11-17,0,5,6,0,6,5,-0.012338333333333335,0.31404,0.4833333333333333,0.037243383333333345,0.17510817777777773,0.24427777777777776
376,2019-11-24,1,3,2,1,4,1,-0.0282875,0.225625,0.0,0.05319896666666668,0.2079143444444444,0.22761111111111113
377,2019-12-01,3,5,6,1,8,5,-0.03167083333333333,0.06667708333333333,0.3333333333333333,0.041178966666666685,0.2062628861111111,0.2776111111111111
378,2019-12-08,2,4,6,0,9,3,0.16674999999999998,0.05211944444444446,0.375,0.05769063333333335,0.1806062194444444,0.29566666666666663
379,2019-12-15,1,5,4,2,6,2,0.08951111111111111,0.12707500000000002,-0.11111111111111112,0.06071174444444446,0.18329621944444444,0.25455555555555553
380,2019-12-22,0,2,9,0,6,5,-0.028625,0.3839933333333333,0.6,0.06387507777777779,0.22120805277777772,0.31872222222222224
381,2019-12-29,0,1,0,0,0,1,0.0,0.0,1.0,0.06387507777777779,0.19906405277777778,0.40872222222222215
382,2020-01-12,1,1,0,1,1,0,0.0,-0.1366,-0.5,0.04644604444444446,0.1670160194444444,0.32472222222222225
383,2020-01-19,2,5,1,1,3,4,0.21849583333333333,0.0248125,0.4583333333333333,0.032353861111111125,0.13938156944444444,0.3338888888888889
384,2020-01-26,0,8,2,2,7,1,0.136415,0.125975,-0.06666666666666665,0.0510250277777778,0.1183717361111111,0.2572222222222222
385,2020-02-02,5,1,2,2,6,0,0.024583333333333332,0.0169625,-0.375,0.054717194444444464,0.08866398611111109,0.17138888888888887
386,2020-02-09,2,3,7,1,9,2,0.028361111111111125,0.16694305555555555,0.041666666666666664,0.06038205555555557,0.08279579166666665,0.17555555555555552
387,2020-02-16,4,5,5,2,7,5,0.13897291666666667,0.07217499999999999,0.16666666666666666,0.07744643055555558,0.08334558333333332,0.15888888888888886
388,2020-02-23,1,7,18,0,16,10,0.06458714285714287,0.2789304761904762,0.46428571428571425,0.06723014484126986,0.1060266865079365,0.1678174603174603
389,2020-03-01,3,5,9,0,12,5,0.12342933333333332,0.18041466666666667,0.27999999999999997,0.07062196706349208,0.11136065317460316,0.2069285714285714
390,2020-03-08,5,7,4,1,13,2,0.1702888888888889,-0.018594444444444445,0.027777777777777773,0.09051335595238098,0.07110187539682537,0.14970634920634918
391,2020-03-15,11,3,9,8,9,6,-0.03984644444444444,-0.18601,-0.3888888888888889,0.08652871150793653,0.052500875396825374,0.010817460317460299
392,2020-03-22,4,7,4,5,7,3,0.07582,0.03627,-0.11666666666666665,0.09411071150793654,0.06978787539682538,0.049150793650793625
393,2020-03-29,6,3,6,3,8,4,-0.045571999999999994,0.10468033333333335,0.11000000000000001,0.06770392817460319,0.07777465873015871,0.014317460317460302
394,2020-04-05,6,3,7,6,2,8,0.18651666666666666,0.12555200000000002,0.31666666666666665,0.07271409484126987,0.07773235873015871,0.052650793650793636
395,2020-04-12,0,4,3,0,5,2,0.17598333333333332,0.2072375,0.375,0.08785409484126987,0.09675985873015872,0.12765079365079363
396,2020-04-19,5,6,6,2,9,6,0.20074666666666666,0.029245555555555552,0.20555555555555557,0.10509265039682543,0.0829901087301587,0.14403968253968252
397,2020-04-26,3,2,3,4,3,1,-0.17595,-0.04797500000000001,-0.375,0.07360035873015876,0.0709751087301587,0.08987301587301585
398,2020-05-03,2,2,2,3,2,1,-0.04515,0.0023000000000000104,-0.375,0.06262664444444446,0.04331206111111109,0.00594444444444443
399,2020-05-10,1,6,2,1,6,2,0.09291333333333333,0.014040000000000002,-0.03333333333333335,0.05957504444444446,0.02667459444444442,-0.0253888888888889
400,2020-05-17,7,4,4,4,8,3,0.038220833333333336,0.010158333333333318,0.0,0.0463682388888889,0.0295498722222222,-0.02816666666666668
401,2020-05-24,1,3,3,1,3,3,0.22576666666666667,0.046237500000000015,0.4166666666666667,0.07292955000000001,0.0527746222222222,0.05238888888888889
402,2020-05-31,3,2,1,2,3,1,-0.18169444444444446,-0.3020277777777778,-0.3888888888888889,0.047178105555555565,0.018944844444444425,0.02516666666666666
403,2020-06-07,0,0,4,2,2,0,0.10606666666666666,0.5368333333333334,-0.5,0.06234197222222223,0.06216014444444443,-0.03583333333333334
404,2020-06-14,0,3,3,1,4,1,-0.11973333333333334,0.31611666666666666,0.0,0.03171697222222223,0.08121661111111109,-0.0675
405,2020-06-21,3,1,2,2,2,2,0.06470000000000001,-0.2888,0.0,0.020588638888888903,0.0316128611111111,-0.10500000000000001
406,2020-06-28,3,2,2,1,4,2,0.026455555555555555,-0.05461111111111111,-0.11111111111111112,0.0031595277777777915,0.023227194444444425,-0.1366666666666667
407,2020-07-05,4,2,2,5,3,0,0.0161875,-0.1054,-0.5625,0.02237327777777779,0.01748469444444443,-0.15541666666666668
408,2020-07-12,4,0,3,2,4,1,0.06582083333333334,-0.07527500000000001,-0.08333333333333333,0.033470361111111124,0.009727194444444429,-0.12625000000000003
409,2020-07-19,3,5,5,0,6,7,0.1043236111111111,0.036163888888888884,0.5694444444444444,0.03461138888888891,0.011939583333333318,-0.06597222222222224
410,2020-07-26,0,1,2,1,1,1,0.0,0.16623333333333332,0.0,0.030789305555555573,0.027547083333333316,-0.06597222222222224
411,2020-08-02,3,1,6,2,5,3,-0.011179999999999997,0.07404333333333332,0.16666666666666666,0.007094638888888905,0.030327666666666652,-0.09097222222222225
412,2020-08-09,4,5,9,5,8,5,0.07530857142857145,0.13731964285714285,-0.023214285714285715,0.0327949404761905,0.07426240873015871,-0.054404761904761935
413,2020-08-16,2,5,3,2,5,3,0.03191399999999999,-0.047754000000000005,-0.08,0.02537967380952383,0.015803675396825374,-0.012404761904761929
414,2020-08-23,0,5,2,2,4,1,0.05559000000000001,0.13701,-0.2,0.042912007142857166,-0.0021069912698412907,-0.03240476190476193
415,2020-08-30,1,4,2,1,6,0,0.03086875,0.022725000000000002,-0.25,0.03952888214285717,0.02904550873015871,-0.05740476190476194
416,2020-09-06,1,1,2,2,2,0,0.1203,-0.117775,-0.5,0.04891332658730161,0.02272911984126982,-0.09629365079365082
417,2020-09-13,2,2,1,1,1,3,-0.147925,-0.186575,0.25,0.03250207658730161,0.014611619841269824,-0.01504365079365082
418,2020-09-20,1,3,1,2,3,0,-0.20204444444444444,0.027822222222222217,-0.4444444444444444,0.0057155488095238325,0.024921342063492044,-0.051154761904761925
419,2020-09-27,1,2,4,0,4,3,0.477125,0.20545,0.5833333333333334,0.04299568769841272,0.041849953174603154,-0.049765873015873055
420,2020-10-04,0,3,4,1,3,3,-0.17675999999999997,0.26517999999999997,0.13333333333333333,0.025319687698412724,0.05174461984126982,-0.03643253968253971
421,2020-10-11,0,2,4,1,3,2,0.10803333333333333,0.21999444444444446,0.1111111111111111,0.037241021031746056,0.06633973095238094,-0.041988095238095255
422,2020-10-18,0,3,4,0,6,1,0.05474444444444445,0.3778111111111111,0.1111111111111111,0.03518460833333335,0.09038887777777777,-0.028555555555555577
423,2020-10-25,1,6,7,1,11,2,0.08888285714285715,0.1938257142857143,0.1,0.04088149404761907,0.1145468492063492,-0.010555555555555578
424,2020-11-01,0,5,3,2,6,0,0.21458333333333335,0.14252222222222222,-0.2222222222222222,0.0567808273809524,0.1150980714285714,-0.0127777777777778
425,2020-11-08,0,2,5,1,5,1,0.03288888888888889,0.26705555555555555,0.0,0.0569828412698413,0.13953112698412698,0.0122222222222222
426,2020-11-15,2,3,6,2,4,5,0.121895,0.17915999999999999,0.15,0.05714234126984129,0.16922462698412696,0.0772222222222222
427,2020-11-22,1,3,4,2,5,1,0.0,0.19588,-0.1,0.07193484126984129,0.20747012698412695,0.0422222222222222
428,2020-11-29,1,0,5,0,3,3,0.045533333333333335,0.22358333333333333,0.5,0.09669261904761907,0.2270462380952381,0.13666666666666666
429,2020-12-06,1,7,2,4,4,2,0.0961,0.02030666666666666,-0.13333333333333336,0.05859011904761907,0.2085319047619047,0.06499999999999997
430,2020-12-13,0,2,3,1,3,1,0.23473333333333335,0.1919,-0.22222222222222224,0.0997394523809524,0.20120390476190475,0.029444444444444405
431,2020-12-20,0,2,6,0,5,3,0.07048055555555555,0.29153611111111105,0.27777777777777773,0.09598417460317463,0.2083580714285714,0.04611111111111107
432,2020-12-27,1,0,1,0,2,0,0.0,-0.163,0.0,0.09050973015873018,0.1542769603174603,0.03499999999999996
433,2021-01-03,0,1,0,0,1,0,0.0,0.0,0.0,0.08162144444444447,0.13489438888888888,0.02499999999999996
434,2021-01-10,0,1,0,0,1,0,0.0,0.0,0.0,0.06016311111111113,0.12064216666666665,0.04722222222222218
435,2021-01-17,0,1,5,0,2,4,0.24877499999999997,0.4202375,0.625,0.08175172222222224,0.1359603611111111,0.1097222222222222
436,2021-01-24,2,7,4,0,11,2,0.10043166666666667,0.05180500000000001,0.11666666666666665,0.0796053888888889,0.12322486111111111,0.10638888888888884
437,2021-01-31,0,7,13,0,16,4,0.27440888888888887,0.2726911111111111,0.20555555555555557,0.10704627777777778,0.1309059722222222,0.1369444444444444
438,2021-02-07,1,6,6,2,7,4,0.05686527777777778,0.1527388888888889,0.19444444444444445,0.10817947222222224,0.12382152777777777,0.10638888888888884
439,2021-02-14,2,8,8,3,9,6,0.10258291666666666,0.1365075,0.08541666666666667,0.1088277638888889,0.1354416111111111,0.12826388888888884
440,2021-02-21,4,9,2,1,12,2,0.08402916666666667,0.002255555555555557,0.041666666666666664,0.09375734722222223,0.11647716666666666,0.15465277777777775
441,2021-02-28,2,7,5,1,13,0,0.14974166666666666,0.11873611111111111,-0.08333333333333333,0.10168345833333334,0.09919716666666666,0.11854166666666666
442,2021-03-07,1,2,7,2,5,3,-0.026240000000000003,0.301775,0.2,0.09905945833333335,0.14567466666666667,0.13854166666666662
443,2021-03-14,2,3,3,2,5,1,0.10702,0.035660000000000004,-0.2,0.10976145833333335,0.14924066666666663,0.11854166666666666
444,2021-03-21,1,3,4,0,8,0,0.0843,0.24819,0.0,0.11819145833333336,0.17405966666666667,0.11854166666666663
445,2021-03-28,1,9,4,1,9,4,0.10402499999999999,0.16750833333333334,0.2638888888888889,0.10371645833333336,0.14878675,0.08243055555555553
446,2021-04-04,0,3,6,0,7,2,0.05124,0.2233177777777778,0.13333333333333333,0.09879729166666669,0.16593802777777777,0.08409722222222218
447,2021-04-11,0,2,2,1,2,1,0.0,0.5407666666666666,-0.33333333333333337,0.0713564027777778,0.19274558333333333,0.030208333333333292
448,2021-04-18,0,2,0,0,2,0,0.3021,0.0,0.0,0.09587987500000002,0.17747169444444444,0.010763888888888854
449,2021-04-25,2,1,7,1,5,4,0.13376333333333332,0.19025333333333333,0.26666666666666666,0.09899791666666669,0.1828462777777778,0.028888888888888853
450,2021-05-02,2,2,3,1,2,4,-0.156225,-0.07440833333333331,0.3333333333333333,0.07497250000000001,0.17517988888888886,0.05805555555555551
451,2021-05-09,1,4,4,1,4,4,0.23225416666666668,0.06745416666666666,0.3333333333333333,0.08322375000000001,0.17005169444444443,0.09972222222222218
452,2021-05-16,1,4,6,3,8,0,0.021101666666666664,0.17986666666666667,-0.2,0.08795791666666668,0.1578608611111111,0.05972222222222219
453,2021-05-23,2,2,4,3,4,1,0.03508333333333335,0.15336666666666665,-0.25,0.08076425000000001,0.16963152777777776,0.054722222222222186
454,2021-05-30,6,2,7,8,4,3,-0.11905357142857143,0.006695535714285716,-0.3214285714285714,0.06042889285714287,0.14548208134920634,0.02257936507936504
455,2021-06-06,1,3,3,3,1,3,-0.044816666666666664,0.05430416666666667,0.25,0.045544726190476205,0.13416166468253968,0.021190476190476155
456,2021-06-13,4,2,3,2,4,3,0.11586333333333333,-0.05619333333333335,0.16666666666666666,0.05200705952380954,0.10621055357142857,0.024523809523809486
457,2021-06-20,1,3,3,2,5,0,0.1362777777777778,0.18182222222222222,-0.2222222222222222,0.06563483730158733,0.07031610912698412,0.03563492063492061
458,2021-06-27,2,2,5,2,3,4,0.28865111111111114,0.22472222222222227,0.17777777777777778,0.06428994841269844,0.09278833134920635,0.05341269841269838
459,2021-07-04,1,5,4,1,3,6,0.11462222222222222,0.12888888888888886,0.5833333333333334,0.06237583730158732,0.08665188690476189,0.08507936507936505
460,2021-07-11,1,8,7,4,7,5,-0.017453333333333335,0.28756166666666666,0.13333333333333333,0.07625300396825399,0.1228488869047619,0.06507936507936506
461,2021-07-18,2,6,9,4,5,8,-0.08496533333333332,0.19190866666666664,0.23333333333333334,0.044531053968253985,0.1352943369047619,0.05507936507936506
462,2021-07-25,0,2,4,2,3,1,0.1737125,0.13655,-0.375,0.05979213730158732,0.1309626702380952,0.03757936507936506
463,2021-08-01,2,3,5,2,5,3,0.12444999999999999,0.05985,0.033333333333333326,0.06872880396825398,0.12161100357142855,0.0659126984126984
464,2021-08-08,1,2,9,0,9,3,0.23151833333333333,0.33394166666666664,0.18333333333333335,0.10378599444444445,0.15433561666666665,0.11638888888888888
465,2021-08-15,3,5,9,3,9,5,0.148256,0.234122,0.09,0.12309326111111114,0.17231739999999998,0.10038888888888889
466,2021-08-22,1,5,6,1,8,3,0.15393194444444444,0.14384444444444444,-0.02777777777777779,0.12690012222222224,0.19232117777777774,0.08094444444444442
467,2021-08-29,5,6,6,4,9,4,0.07815277777777778,0.04850833333333334,0.027777777777777773,0.12108762222222225,0.1789897888888889,0.10594444444444444
468,2021-09-05,6,3,12,8,9,4,-0.0063566666666666684,0.13824833333333333,-0.16666666666666669,0.09158684444444445,0.17034239999999998,0.07149999999999998
469,2021-09-12,2,6,1,1,6,2,0.21312666666666663,0.014113333333333334,0.13333333333333336,0.1014372888888889,0.15886484444444443,0.026499999999999968
470,2021-09-19,3,0,3,3,1,2,-0.18828333333333333,-0.16802499999999998,-0.08333333333333331,0.08435428888888889,0.11330617777777777,0.004833333333333303
471,2021-09-26,1,5,3,2,5,2,0.1154,0.17174166666666668,0.0,0.10439082222222225,0.11128947777777776,-0.01850000000000003
472,2021-10-03,1,4,6,0,5,6,0.1520277777777778,0.204325,0.5277777777777778,0.10222235000000002,0.11806697777777778,0.07177777777777775
473,2021-10-10,0,2,14,3,6,7,0.009847222222222224,0.23354777777777777,0.29444444444444445,0.09076207222222224,0.13543675555555554,0.09788888888888887
474,2021-10-17,2,2,12,2,8,6,0.18302000000000002,0.12771142857142856,0.3571428571428571,0.08591223888888891,0.11481373174603174,0.11526984126984123
475,2021-10-24,2,7,5,1,8,5,0.15158750000000001,0.24800416666666666,0.25,0.08624538888888891,0.1162019484126984,0.13126984126984123
476,2021-10-31,0,7,15,0,21,1,0.0725165,0.20486983333333333,0.04,0.07810384444444446,0.1223044873015873,0.13804761904761903
477,2021-11-07,0,8,1,1,8,0,0.2145375,0.060675,-0.125,0.09174231666666668,0.12352115396825396,0.12276984126984122
478,2021-11-14,4,7,7,0,12,6,0.147915,0.05772,0.3625,0.10716948333333334,0.11546832063492063,0.17568650793650792
479,2021-11-21,2,6,5,2,8,3,0.125352,0.12744,0.18,0.09839201666666668,0.12680098730158731,0.18035317460317457
480,2021-11-28,2,4,7,1,11,1,0.19253333333333333,0.1473,0.0,0.13647368333333337,0.1583334873015873,0.1886865079365079
481,2021-12-05,1,2,4,0,3,4,0.018455555555555576,0.2061888888888889,0.4444444444444444,0.1267792388888889,0.1617782095238095,0.23313095238095233
482,2021-12-12,3,7,3,3,9,1,0.055826666666666656,0.05086999999999999,-0.16666666666666666,0.11715912777777779,0.1464327095238095,0.1636865079365079
483,2021-12-19,1,6,3,0,9,1,0.05284,-0.06207249999999999,0.05,0.12145840555555557,0.11687068174603173,0.13924206349206344
484,2021-12-26,0,2,8,0,4,6,-0.2728333333333333,0.31448333333333334,0.5,0.07587307222222224,0.13554787222222223,0.15352777777777776
485,2022-01-09,0,0,1,0,1,0,0.4019,0.7257,0.0,0.10090432222222223,0.18331745555555554,0.12852777777777774
486,2022-01-16,2,2,5,0,5,4,0.09298333333333333,0.06040833333333334,0.41666666666666663,0.10295100555555556,0.16887130555555557,0.16619444444444442
487,2022-01-23,3,6,4,1,9,3,0.17848999999999998,0.11574666666666666,0.2,0.09934625555555557,0.17437847222222222,0.19869444444444442
488,2022-01-30,4,0,7,1,7,3,0.19940999999999998,0.10185833333333333,0.36666666666666664,0.10449575555555557,0.17879230555555553,0.19911111111111107
489,2022-02-06,4,5,3,2,9,1,0.07380416666666667,-0.10613958333333333,-0.16666666666666669,0.09934097222222224,0.1554343472222222,0.16444444444444442
490,2022-02-13,2,13,11,4,15,7,0.17167476190476189,0.18252619047619048,0.19444444444444445,0.09725511507936509,0.15895696626984127,0.18388888888888885
491,2022-02-20,6,8,5,3,13,3,0.10745928571428572,-0.06230928571428571,0.02142857142857143,0.10615548809523809,0.13210714880952382,0.14158730158730157
492,2022-02-27,5,15,8,4,16,8,0.010210185185185192,-0.024213888888888885,-0.0462962962962963,0.10159383994708995,0.12459875992063492,0.1536243386243386
493,2022-03-06,1,9,15,1,14,10,0.16440000000000002,0.3074636111111111,0.31527777777777777,0.11274983994708995,0.16155237103174602,0.1801521164021164
494,2022-03-13,5,6,14,1,11,13,0.02373277777777778,-0.03763133333333333,0.11111111111111112,0.14240645105820107,0.12634090436507936,0.14126322751322748
495,2022-03-20,0,7,18,4,16,5,0.16200333333333333,0.2938576666666667,0.07333333333333333,0.1184167843915344,0.08315667103174604,0.1485965608465608
496,2022-03-27,0,5,15,0,6,14,-0.052773749999999994,0.2840775,0.5354166666666667,0.10384107605820106,0.1055235876984127,0.16047156084656083
497,2022-04-03,1,21,23,0,27,18,0.11324277777777778,0.22225119047619046,0.4436299081035923,0.09731635383597884,0.11617404007936508,0.18483455165692003
498,2022-04-10,2,6,7,1,7,7,0.06841809523809524,0.07844095238095239,0.34285714285714286,0.08421716335978838,0.11383230198412697,0.18245359927596766
499,2022-04-17,4,3,5,0,7,5,0.1608440476190476,0.23824642857142855,0.5952380952380952,0.09292115145502647,0.14827090317460317,0.25864407546644386
500,2022-04-24,4,5,13,5,8,9,0.028059999999999995,0.09453904761904762,0.05714285714285714,0.07855967526455028,0.13947218888888888,0.2449139167362851
501,2022-05-01,5,1,5,5,5,1,0.1849,-0.020509999999999997,-0.31666666666666665,0.08630374669312171,0.14365211746031745,0.2111043929267613
502,2022-05-08,11,5,5,7,9,5,0.13502166666666665,-0.08477833333333333,-0.15,0.09878489484126986,0.137595673015873,0.20073402255639095
503,2022-05-15,0,9,18,1,12,14,0.2039475,0.3643325,0.5166666666666666,0.10273964484126985,0.1432825619047619,0.22087291144527982
504,2022-05-22,3,17,10,4,20,6,0.08198047619047619,0.16581190476190474,0.22142857142857145,0.10856441468253968,0.16362688571428569,0.23190465747702588
505,2022-05-29,0,3,5,0,4,4,0.10245,0.377875,0.5416666666666666,0.10260908134920636,0.17202861904761907,0.2787379908103592
506,2022-06-05,3,3,6,0,6,6,0.05173958333333333,0.32770208333333334,0.7083333333333333,0.11306041468253969,0.1763910773809524,0.29602965747702586
507,2022-06-12,3,3,6,2,7,3,0.05493125,0.2242425,0.037500000000000006,0.10722926190476192,0.17659020833333333,0.2554166666666666
508,2022-06-19,2,6,7,2,6,7,0.21952190476190475,0.30313952380952375,0.4333333333333333,0.12233964285714287,0.19906006547619046,0.26446428571428565
509,2022-06-26,6,6,10,12,6,4,0.15861683673469387,0.14342908163265308,-0.3040816326530612,0.1221169217687075,0.18957833078231293,0.17453231292517005
510,2022-07-03,2,6,12,1,7,12,0.09813869047619046,0.1807108333333333,0.5452380952380952,0.12912479081632655,0.19819550935374147,0.22334183673469382
511,2022-07-10,5,5,2,4,4,4,-0.015509722222222216,-0.046933333333333334,-0.16666666666666666,0.10908381859410432,0.19555317602040814,0.2383418367346938
512,2022-07-17,6,4,6,4,11,1,0.049229999999999996,0.09614833333333334,0.0033333333333333327,0.10050465192743765,0.21364584268707482,0.2536751700680272
513,2022-07-24,1,9,3,2,9,2,-0.008550666666666661,-0.05698000000000001,0.0,0.07925483526077098,0.17151459268707483,0.2020085034013605
514,2022-07-31,3,2,1,0,5,1,-0.13525,0.050429999999999996,0.2,0.057531787641723356,0.15997640221088436,0.19986564625850337
515,2022-08-07,2,5,12,4,10,5,-0.019115555555555552,0.22324472222222225,-0.09166666666666667,0.04537523208616781,0.14451337443310658,0.13653231292517004
516,2022-08-14,3,3,9,4,9,2,0.03695,0.21119,-0.25,0.043896273752834475,0.13286216609977325,0.04069897959183671
517,2022-08-21,0,2,8,0,9,1,0.028459999999999996,0.315975,0.1,0.041249148752834475,0.14203541609977324,0.046948979591836706
518,2022-08-28,4,7,8,1,14,4,0.19189722222222225,0.07593214285714285,0.12698412698412698,0.03848668049886622,0.11931467800453514,0.01631405895691608
519,2022-09-04,1,4,3,1,2,5,0.08524999999999999,0.07498333333333335,0.5833333333333334,0.031149996825396837,0.11247010317460318,0.10505555555555554
520,2022-09-11,1,2,3,1,3,2,0.012033333333333326,0.08541666666666665,0.08333333333333331,0.022539461111111124,0.1029406865079365,0.05886507936507934
521,2022-09-18,2,2,9,3,6,4,0.060981333333333346,0.154652,-0.09333333333333334,0.030188566666666677,0.12309921984126984,0.06619841269841267
522,2022-09-25,2,4,5,2,7,2,0.0029700000000000004,0.12737666666666667,-0.16666666666666669,0.025562566666666675,0.12622205317460317,0.04919841269841268
523,2022-10-02,3,4,3,2,5,3,-0.011077083333333331,-0.12690208333333336,-0.0625,0.02530992500000001,0.11922984484126983,0.04294841269841268
524,2022-10-09,2,8,3,1,7,5,0.06592777777777778,0.008605555555555552,0.27777777777777773,0.04542770277777779,0.1150474003968254,0.050726190476190446
525,2022-10-16,6,8,6,5,11,4,-0.06596500000000001,-0.07189866666666667,-0.03333333333333333,0.040742758333333344,0.08553306150793652,0.05655952380952378
526,2022-10-23,3,2,6,2,6,3,0.08976333333333333,0.16955333333333333,0.23333333333333334,0.046024091666666676,0.08136939484126984,0.10489285714285712
527,2022-10-30,0,8,11,2,11,6,-0.005245555555555559,0.2720061111111111,0.2833333333333333,0.042653536111111126,0.07697250595238095,0.12322619047619046
528,2022-11-06,2,10,2,3,8,3,0.06549642857142857,0.020544444444444452,0.0,0.03001345674603175,0.0714337361111111,0.11052777777777775
529,2022-11-13,1,6,6,1,6,6,-0.033607142857142856,0.030296428571428575,0.2857142857142857,0.01812774246031747,0.06696504563492063,0.08076587301587299
530,2022-11-20,1,1,6,1,5,2,0.20071333333333335,0.20832333333333333,0.06666666666666665,0.03699574246031747,0.0792557123015873,0.07909920634920634
531,2022-11-27,1,4,10,1,10,4,0.078449,0.188704,0.08,0.03874250912698414,0.0826609123015873,0.09643253968253965
532,2022-12-04,3,3,2,1,1,6,-0.0297375,-0.037604166666666675,0.7083333333333334,0.03547175912698414,0.06616282896825396,0.18393253968253967
533,2022-12-11,0,3,6,1,6,2,0.027969999999999995,0.22354000000000002,-0.03333333333333335,0.03937646746031747,0.10120703730158731,0.18684920634920632
534,2022-12-18,0,6,6,0,7,5,0.09152,0.089685,0.3,0.0419356896825397,0.10931498174603176,0.18907142857142856
535,2022-12-25,1,4,1,0,5,1,0.26626666666666665,-8.333333333333341e-05,0.08333333333333333,0.07515885634920635,0.11649651507936507,0.20073809523809522
536,2023-01-01,1,0,0,0,1,0,-0.5719,-0.5719,0.0,0.008992523015873033,0.04235118174603175,0.1774047619047619
537,2023-01-15,2,1,6,1,5,3,0.168375,0.18467916666666667,0.04166666666666666,0.02635457857142859,0.033618487301587306,0.15323809523809523
538,2023-01-22,2,2,9,1,8,4,0.07615000000000001,0.33704,0.35,0.02741993571428573,0.06526804285714286,0.1882380952380952
539,2023-01-29,6,6,14,8,13,5,0.050888809523809524,0.16889273809523808,-0.20357142857142857,0.03586953095238097,0.07912767380952382,0.1393095238095238
540,2023-02-05,4,7,8,6,11,2,0.07607888888888888,0.13038222222222223,-0.22222222222222224,0.023406086507936522,0.0713335626984127,0.11042063492063489
541,2023-02-12,2,4,3,3,4,2,0.12574999999999997,0.14837,0.0,0.028136186507936516,0.0673001626984127,0.10242063492063488
542,2023-02-19,5,1,5,4,6,1,0.05301666666666667,-0.04977000000000001,-0.3,0.03641160317460319,0.06608357936507937,0.0015873015873015595
543,2023-02-26,3,8,5,0,13,3,0.16566999999999998,0.18124400000000002,0.2,0.050181603174603184,0.06185397936507937,0.024920634920634895
544,2023-03-05,2,7,8,2,13,2,0.032104,0.124556,0.0,0.04424000317460318,0.06534107936507937,-0.005079365079365103
545,2023-03-12,2,7,6,2,8,5,0.013336666666666663,0.10526333333333333,0.15,0.01894700317460318,0.07587574603174603,0.0015873015873015621
546,2023-03-19,0,2,8,2,4,4,0.19619999999999999,0.27504285714285714,0.21428571428571427,0.09575700317460319,0.16057003174603174,0.02301587301587299
547,2023-03-26,4,6,4,4,8,2,0.05658888888888889,0.09470138888888889,0.02777777777777778,0.08457839206349207,0.15157225396825397,0.021626984126984106
548,2023-04-02,1,13,9,1,19,3,0.1134411111111111,0.2517243650793651,0.05714285714285714,0.08830750317460317,0.14304069047619047,-0.007658730158730179
549,2023-04-09,3,4,1,2,5,1,-0.15775666666666666,-0.0002100000000000065,-0.06666666666666667,0.06744295555555554,0.12613041666666666,0.006031746031746011
550,2023-04-16,5,8,9,7,11,4,-0.00571,0.052384047619047615,-0.2968253968253968,0.05926406666666667,0.11833059920634918,-0.0014285714285714457
551,2023-04-23,4,3,4,5,2,4,-0.028383333333333337,0.06996333333333332,0.1,0.043850733333333336,0.11048993253968253,0.008571428571428553
552,2023-04-30,6,4,5,3,11,1,-0.008494999999999999,-0.026229999999999986,-0.25,0.03769956666666667,0.11284393253968254,0.01357142857142855
553,2023-05-07,2,3,9,7,5,2,-0.049179285714285724,0.13534357142857142,-0.6357142857142858,0.0162146380952381,0.10825388968253968,-0.07000000000000003
554,2023-05-14,3,4,10,6,9,2,0.08712733333333332,0.24975333333333333,-0.26,0.021716971428571433,0.12077362301587302,-0.09600000000000003
555,2023-05-21,1,2,6,1,4,4,0.07636,0.40036000000000005,0.4666666666666666,0.028019304761904767,0.15028328968253968,-0.06433333333333338
556,2023-05-28,4,2,5,3,5,3,0.09886499999999998,0.05145500000000001,-0.05,0.018285804761904768,0.12792450396825397,-0.0907619047619048
557,2023-06-04,3,2,6,3,5,3,-0.00021999999999999797,0.068505,0.2,0.012604915873015876,0.12530486507936506,-0.07353968253968257
558,2023-06-11,3,4,4,3,5,3,0.0252,0.247315,0.1,0.003780804761904767,0.12486392857142858,-0.06925396825396828
559,2023-06-18,1,4,5,0,5,5,0.187775,0.123425,0.5,0.03833397142857144,0.13722742857142858,-0.012587301587301614
560,2023-06-25,1,3,3,1,5,1,0.08673333333333334,0.12265000000000001,-0.125,0.04757830476190476,0.1442540238095238,0.004595238095238069
561,2023-07-02,1,0,8,1,3,5,-0.05957291666666667,0.26934583333333334,0.6666666666666666,0.044459346428571425,0.1641922738095238,0.061261904761904726
562,2023-07-09,1,2,3,2,2,2,-0.025437500000000002,0.0023625000000000035,0.0,0.04276509642857143,0.16705152380952382,0.08626190476190473
563,2023-07-16,1,3,6,1,6,3,0.17132666666666668,0.3033466666666667,0.16666666666666666,0.06481569166666667,0.18385183333333333,0.16649999999999998
564,2023-07-23,3,4,8,6,4,5,-0.01722222222222222,0.096925,0.05555555555555556,0.05438073611111112,0.168569,0.19805555555555554
565,2023-07-30,1,3,5,1,5,3,0.008643333333333331,0.17990666666666666,0.26666666666666666,0.04760906944444444,0.14652366666666666,0.17805555555555555
566,2023-08-06,6,4,2,7,4,1,-0.032408333333333345,-0.08702777777777777,-0.5555555555555555,0.03448173611111112,0.13267538888888888,0.1275
567,2023-08-13,4,5,7,6,4,6,0.013884166666666663,0.06858916666666667,0.14166666666666666,0.03589215277777778,0.13268380555555553,0.12166666666666663
568,2023-08-20,0,3,7,1,6,3,0.08598125,0.25756875,0.125,0.04197027777777778,0.13370918055555553,0.12416666666666665
569,2023-08-27,1,2,4,2,5,0,0.1151875,0.148625,-0.25,0.034711527777777786,0.13622918055555555,0.04916666666666664
570,2023-09-03,3,5,4,4,5,3,0.13495333333333334,-0.007953333333333326,-0.25,0.039533527777777785,0.12316884722222221,0.036666666666666646
571,2023-09-10,2,1,2,4,1,0,0.21575,0.06542499999999998,-0.75,0.06706581944444445,0.10277676388888887,-0.10500000000000002
572,2023-09-17,6,4,6,4,9,3,-0.030008333333333338,0.10593416666666666,0.075,0.06660873611111111,0.11313393055555554,-0.09750000000000003
573,2023-09-24,1,3,7,4,3,4,0.05664166666666667,0.3266833333333334,0.20833333333333334,0.055140236111111116,0.11546759722222222,-0.09333333333333337
574,2023-10-01,1,5,3,0,2,7,0.12101666666666666,0.13525833333333334,0.7222222222222222,0.06896412500000001,0.11930093055555555,-0.026666666666666693
575,2023-10-08,1,0,4,1,3,1,0.0,0.4201333333333333,0.0,0.06809979166666667,0.1433235972222222,-0.053333333333333365
576,2023-10-15,1,1,5,1,2,4,0.13483333333333333,0.21184166666666668,0.4166666666666667,0.08482395833333334,0.17321054166666666,0.04388888888888886
577,2023-10-22,0,3,4,1,4,2,0.1572125,0.27125,0.0,0.09915679166666667,0.193476625,0.029722222222222195
578,2023-10-29,3,2,11,4,7,5,-0.010416666666666671,0.15135083333333335,0.025000000000000005,0.089517,0.18285483333333336,0.019722222222222193
579,2023-11-05,0,2,6,1,7,0,0.21273333333333333,0.20319583333333333,-0.125,0.09927158333333334,0.18831191666666666,0.032222222222222194
580,2023-11-12,4,5,12,5,7,9,0.15975650000000002,0.22086100000000003,0.265,0.1017519,0.21119335,0.0837222222222222
581,2023-11-19,1,0,11,1,6,5,0.19222,0.29913833333333334,0.3833333333333333,0.0993989,0.23456468333333333,0.19705555555555554
582,2023-11-26,3,8,13,4,13,7,0.17640265306122446,0.26675149659863945,0.23741496598639453,0.1200399986394558,0.2506464163265306,0.21329705215419498
583,2023-12-03,0,4,9,1,7,5,0.13659722222222223,0.2691722222222222,0.25,0.12803555419501134,0.24489530521541952,0.21746371882086163
584,2023-12-10,3,2,6,3,3,5,0.03774583333333332,0.20085208333333332,0.3125,0.11970847086167799,0.2514546802154195,0.1764914965986394
585,2023-12-17,1,0,9,2,2,6,0.11254833333333333,0.5379983333333334,0.36666666666666664,0.13096330419501134,0.2632411802154195,0.21315816326530607
586,2023-12-24,2,3,1,1,4,1,0.04115833333333333,-0.02462499999999999,-0.16666666666666669,0.12159580419501133,0.2395945135487528,0.15482482993197277
587,2023-12-31,0,0,1,0,0,1,0.0,0.4588,1.0,0.10587455419501132,0.2583495135487528,0.25482482993197275
